municipio,hotel,cod_caminho
"Barão de Cocais","Impar Suites Barao de Cocais",01
"Barão de Cocais","ESTÂNCIA JARDIM SECRETO",01
"Barão de Cocais","Pousada das Nascentes",01
"Barão de Cocais","Hotel pousada & Eventos Cassino",01
"Barão de Cocais","Hotel Real de Caeté",01
"Barão de Cocais","Pousada e Restaurante Victórios",01
"Catas Altas","Pousada das Nascentes",01
"Catas Altas","ESTÂNCIA JARDIM SECRETO",01
"Catas Altas","Impar Suites Barao de Cocais",01
"Conceição do Mato Dentro","Fazenda do Barro CMD Maravilhosa Casa de Fazenda",01
Diamantina,"Hotel Montanhas de Minas",01
Diamantina,"Pousada Acayaca",01
Diamantina,"POUSADA FLOR DE LIS",01
Diamantina,"Hotel conexão",01
Diamantina,"Pousada Gameleira",01
Diamantina,"Casa Candeia",01
Diamantina,"Diamantina Hostel",01
Diamantina,"POUSADA CAPIM LIMÃO",01
Diamantina,"APARTAMENTOS ALTOS DA GRUPIARA - DIAMANTINA/MG",01
Diamantina,"Casa Diamantina",01
Diamantina,"POUSADA VILA DO BIRIBIRI",01
Diamantina,"Pousada Villa Magna - Chalé Família",01
Diamantina,"Pousada Dona Dazinha",01
Diamantina,"Pousada Caminho Dos Escravos",01
Diamantina,"Chalé Maquemba Eco",01
Diamantina,"Pousada Do Pequi",01
Diamantina,"Casa Aconchego do Sol",01
Gouveia,"Madre De Água Hotel Rural de Charme",01
Gouveia,"Casa Pelourinho",01
Gouveia,"Casa do Adro",01
Gouveia,"Governo's House",01
Gouveia,"Casas do Cruzeiro",01
Gouveia,"Casas do patrao I",01
Gouveia,"One bedroom appartement at Seia 200 m away from the beach with wifi",01
Gouveia,"One bedroom appartement at Seia 200 m away from the beach with furnished terrace and wifi",01
Gouveia,"2 bedrooms appartement at Seia 200 m away from the beach with furnished terrace and wifi",01
Gouveia,"Casas do Patrao II",01
Gouveia,"2 bedrooms house with furnished terrace and wifi at Fornos de Algodres 2 km away from the beach",01
Gouveia,"2 bedrooms appartement at Seia 200 m away from the beach with furnished terrace and wifi",01
Gouveia,"2 bedrooms house with city view balcony and wifi at Manteigas 7 km away from the slopes",01
Gouveia,"Retiro da Lameira",01
Gouveia,"Casa chão grande",01
Gouveia,"Casa Origens",01
Gouveia,"Casa chão grande",01
Gouveia,"Nature Scape",01
Gouveia,"Casa das Bonecas",01
Gouveia,"CASA DO PENEDO - Um Segredo na Serra da Estrela",01
Gouveia,"Seia Guest House",01
Gouveia,Seihome,01
Gouveia,seiaalojamentos,01
Gouveia,"Apartamento Vista Seia",01
Gouveia,"6 bedrooms villa with private pool terrace and wifi at Mogadouro",01
Guanhães,"Xikus Palace Hotel",01
Guanhães,"Caravelle Hotel",01
Ipoema,"Casa Branca da Serra",01
Ipoema,"Recanto Cristal da Serra - Serra dos Alves",01
Ipoema,"IT Itabira Hotel",01
Itabira,"IT Itabira Hotel",01
Itabira,"Recanto Cristal da Serra - Serra dos Alves",01
Jaboticatubas,"Pousada Várzea da Serra",01
Jaboticatubas,"Bistrô Pousada Savacipó",01
Jaboticatubas,"Sítio de 110.000 m2 com piscina na Serra do Cipó.",01
Jaboticatubas,"Chácara Jardim Cipó",01
Jaboticatubas,"Pousada Caminho",01
Jaboticatubas,"Das Marias Hostel",01
Jaboticatubas,"Lagoon Prime Hotel",01
Jaboticatubas,"eSuites Spa Lagoa Santa",01
Jaboticatubas,"Vila Flores Pousada",01
Jaboticatubas,"VOA Business Supreme Choice Confins",01
"Lagoa Santa","VOA Business Supreme Choice Confins",01
"Lagoa Santa","Lagoon Prime Hotel",01
"Lagoa Santa","eSuites Spa Lagoa Santa",01
"Lagoa Santa","ibis Styles Confins Aeroporto",01
"Lagoa Santa","Das Marias Hostel",01
"Lagoa Santa","Hotel Ouro Verde",01
"Lagoa Santa","Sítio de 110.000 m2 com piscina na Serra do Cipó.",01
"Lagoa Santa","Pousada Cantim de BH",01
"Lagoa Santa","Hostel Jussa",01
"Lagoa Santa","CHA Pampulha Design Hotel",01
"Lagoa Santa","Hotel Pousada Avelar",01
Mariana,"Pousada Contos de Minas",01
Mariana,"Hotel Brasil Real",01
Mariana,"Chalé Cartuxa Park",01
Mariana,"Trilhas de Minas Hostel Camping",01
Mariana,"Hospedaria Vila Rica",01
Mariana,"Hotel Recanto da Serra",01
Mariana,"Aconchego Mineiro",01
Mariana,"Chalé Céu e Terra",01
Mariana,"Pousada Fonte Viva",01
"Milho Verde","Pousada Luar do Rosário",01
"Milho Verde","Pousada Sempre Viva",01
"Milho Verde","casa bela vista",01
"Milho Verde","Casa amarela",01
"Milho Verde","Casa Completa Milho Verde",01
"Milho Verde","Pousada Do Pequi",01
"Milho Verde","Casa Aconchego do Sol",01
"Ouro Preto","Hotel Recanto da Serra",03
"Ouro Preto","Hotel Recanto da Serra",02
"Ouro Preto","Hotel Recanto da Serra",01
"Ouro Preto","Hospedaria Vila Rica",03
"Ouro Preto","Hospedaria Vila Rica",02
"Ouro Preto","Hospedaria Vila Rica",01
"Ouro Preto","Trilhas de Minas Hostel Camping",03
"Ouro Preto","Trilhas de Minas Hostel Camping",02
"Ouro Preto","Trilhas de Minas Hostel Camping",01
"Ouro Preto","Aconchego Mineiro",03
"Ouro Preto","Aconchego Mineiro",02
"Ouro Preto","Aconchego Mineiro",01
"Ouro Preto","Hotel Brasil Real",03
"Ouro Preto","Hotel Brasil Real",02
"Ouro Preto","Hotel Brasil Real",01
"Ouro Preto","Pousada Contos de Minas",03
"Ouro Preto","Pousada Contos de Minas",02
"Ouro Preto","Pousada Contos de Minas",01
"Ouro Preto","Chalé Céu e Terra",03
"Ouro Preto","Chalé Céu e Terra",02
"Ouro Preto","Chalé Céu e Terra",01
"Ouro Preto","Pousada Fonte Viva",03
"Ouro Preto","Pousada Fonte Viva",02
"Ouro Preto","Pousada Fonte Viva",01
"Ouro Preto","Chalé Cartuxa Park",03
"Ouro Preto","Chalé Cartuxa Park",02
"Ouro Preto","Chalé Cartuxa Park",01
"Ouro Preto","Capricho Asturiano",03
"Ouro Preto","Capricho Asturiano",02
"Ouro Preto","Capricho Asturiano",01
"Ponte Nova","Hotel & Restaurante Paraíso",01
"Ponte Nova","Pousada Plantar e Cuidar",01
"Santa Bárbara","ESTÂNCIA JARDIM SECRETO",01
"Santa Bárbara","Impar Suites Barao de Cocais",01
"Santa Bárbara","Pousada das Nascentes",01
"São Gonçalo do Rio das Pedras","Pousada Do Pequi",01
"São Gonçalo do Rio das Pedras","Casa Aconchego do Sol",01
"São Gonçalo do Rio das Pedras","Pousada Luar do Rosário",01
"São Gonçalo do Rio das Pedras","Pousada Sempre Viva",01
"São Gonçalo do Rio das Pedras","casa bela vista",01
"São Gonçalo do Rio das Pedras","Casa amarela",01
"São Gonçalo do Rio das Pedras","Casa Completa Milho Verde",01
"São Gonçalo do Rio das Pedras","Hotel Montanhas de Minas",01
"São Gonçalo do Rio das Pedras","POUSADA FLOR DE LIS",01
"São Gonçalo do Rio das Pedras","Hotel conexão",01
"São Gonçalo do Rio das Pedras","Pousada Gameleira",01
"São Gonçalo do Rio das Pedras","APARTAMENTOS ALTOS DA GRUPIARA - DIAMANTINA/MG",01
"São Gonçalo do Rio das Pedras","Casa Diamantina",01
"São Gonçalo do Rio das Pedras","Pousada Villa Magna - Chalé Família",01
"São Gonçalo do Rio das Pedras","Pousada Dona Dazinha",01
"São Gonçalo do Rio das Pedras","Pousada Acayaca",01
"São Gonçalo do Rio das Pedras","Casa Candeia",01
"São Gonçalo do Rio das Pedras","Diamantina Hostel",01
"São Gonçalo do Rio das Pedras","POUSADA CAPIM LIMÃO",01
"São Gonçalo do Rio das Pedras","Pousada Caminho Dos Escravos",01
Areal,"HOSTEL DAS ESTRELAS",02
Areal,"Sítio 1001 - Observe o mais belo céu do RJ",02
Areal,"WTR CHALÉS",02
Areal,"Bomtempo Itaipava - Esporte & Lazer",02
Areal,"Residencial Flor- Hilda",02
Areal,"Nosso Sítio - Rancho Santa Clara Itaipava",02
Areal,"Castelo de Itaipava Hotel, Eventos e Bistrô",02
Areal,"Bed & Breakfast Pouso Donana",02
Areal,"Cama e Café Hospedagem do Bosque",02
Areal,"ibis Styles Tres Rios",02
Areal,"Suites em meio a Mata Atlântica",02
Areal,"Hotel Comendador",02
Areal,"Granja Brasil - NM Imovéis Itaipava",02
Areal,"Fazenda Piloes",02
Areal,"Pousada R.N.C. Nosso Paraíso",02
Areal,"Apart-hotel Granja Brasil Itaipava",02
Areal,"Estudio Itaipava Suíte",02
Areal,"Chácara Canto Dos Pássaros",02
Areal,"Guest House Nosso Aconchego",02
Areal,"Chalé Meu Agresthe",02
Areal,"PARQUE DO IMBUI UNICA E EXCLUSIVA PARA CRIANCAS E BEBES INFRA COM PISCINA PRAINHA AQUECIMENTO opcional PISTA PATINACAO FLORESTA FRUTAS ESPACO GOURMET LUXO UNICA NA REGIAO SERRANA Agora Com 5G",02
Areal,"Pousada Arvore da Vida",02
Areal,"Sítio amplo e aconchegante em Teresópolis",02
Areal,"Intercity Teresópolis",02
Areal,"Suíte privada no meio da natureza serrana.",02
Barbacena,"ibis budget Barbacena",02
Barbacena,"Hotel Aliança Barbacena",02
Barbacena,"Village Plaza Hotel",02
Barbacena,"Hotel Miranelli",02
Barbacena,"Gold Hotel",02
"Conselheiro Lafaiete","Go Inn Lafaiete - MG",02
"Conselheiro Lafaiete","Vertentes Suítes Hotel",02
"Conselheiro Lafaiete","Hotel Meri",02
"Conselheiro Lafaiete","Solar boa vista",02
"Conselheiro Lafaiete","Hotel H2 Congonhas",02
Itaipava,"Castelo de Itaipava Hotel, Eventos e Bistrô",02
Itaipava,"Bomtempo Itaipava - Esporte & Lazer",02
Itaipava,"Bomtempo II - Chales da Mata",02
Itaipava,"Apart-hotel Granja Brasil Itaipava",02
Itaipava,"Residencial Flor- Hilda",02
Itaipava,"Bed & Breakfast Pouso Donana",02
Itaipava,"Fazenda Piloes",02
Itaipava,"Suites em meio a Mata Atlântica",02
Itaipava,"Cama e Café Hospedagem do Bosque",02
Itaipava,"Estudio Itaipava Suíte",02
Itaipava,"Granja Brasil - NM Imovéis Itaipava",02
Itaipava,"Nosso Sítio - Rancho Santa Clara Itaipava",02
Itaipava,"Sítio 1001 - Observe o mais belo céu do RJ",02
Itaipava,"Casa de vidro",02
Itaipava,"Chalé Rosa do Vale",02
Itaipava,"Casa Fazenda Inglesa - Anexo",02
Itaipava,"Guest House Nosso Aconchego",02
Itaipava,"Pousada Monte Imperial",02
Itaipava,"Hostel Petrópolis",02
Itaipava,"Pousada Imperial Koeler",02
Itaipava,"Loft Palácio de Cristal",02
Itaipava,"Sítio amplo e aconchegante em Teresópolis",02
Itaipava,"WTR CHALÉS",02
Itaipava,"Ace Casinha & Chalet - Centro histórico",02
Itaipava,"PARQUE DO IMBUI UNICA E EXCLUSIVA PARA CRIANCAS E BEBES INFRA COM PISCINA PRAINHA AQUECIMENTO opcional PISTA PATINACAO FLORESTA FRUTAS ESPACO GOURMET LUXO UNICA NA REGIAO SERRANA Agora Com 5G",02
Itatiaia,"GRAAL INN ITATIAIA",02
Itatiaia,"Pousada Campo Alegre",02
Itatiaia,"POUSADA CAMISA 10",02
Itatiaia,"Hotel Chalés Terra Nova",02
Itatiaia,"Pousada Encantus",02
Itatiaia,"Encantu's Flats",02
Itatiaia,"Casa de Férias para sua Família e seu Pet!",02
Itatiaia,"Casa de Tijolinho Penedo-RJ",02
Itatiaia,"Lar da Tamara",02
Itatiaia,"Casa ampla em penedo",02
Itatiaia,"Hotel Casa Encantada",02
Itatiaia,"Casa Dos Artistas",02
Itatiaia,"Chalé Condominio Linda Vista",02
Itatiaia,"Pousada Tapera",02
Itatiaia,"Pousada Chiclé Penedo",02
Itatiaia,"Chalé aconchegante para família no Centro",02
Itatiaia,"Aconchego Próx. a Penedo.",02
Itatiaia,"Pousada Suarez",02
Itatiaia,"Chalé saí azul",02
Itatiaia,"Casa de Temporada Penedo / Serrinha",02
Itatiaia,"Espigão Palace Hotel",02
Itatiaia,"Casa feliz",02
Itatiaia,"Pousada Sitio Barreirinha",02
Itatiaia,"Chalé Bela Vista",02
Itatiaia,"Villa Ganesh",02
"Juiz de Fora","ibis Juiz de Fora",02
"Juiz de Fora","Victory Business Hotel",02
"Juiz de Fora","Ritz Plaza Hotel",02
"Juiz de Fora","Victory Suites",02
"Juiz de Fora","Maxim Plaza Hotel",02
"Juiz de Fora","Premier Parc Hotel",02
"Juiz de Fora","Trade Hotel",02
"Juiz de Fora","Real Hotel",02
"Juiz de Fora","Hotel Green Hill",02
"Juiz de Fora","Haras Morena Resort",02
"Juiz de Fora","AP CENTRAL",02
"Juiz de Fora",AP-205,02
"Juiz de Fora","Para voce ou sua empresa 105",02
"Juiz de Fora","Estadia Confortável AP 102",02
"Juiz de Fora","POUSADA DO JOAO",02
"Juiz de Fora","130/302 AP 306 Um dois quartos dos seus sonhos",02
"Juiz de Fora","130/101 Apartamento 106",02
"Juiz de Fora","Chácara Eni Barbosa",02
"Juiz de Fora","Barato e confortável AP 104",02
"Juiz de Fora","AP Descanso ou trabalho 103",02
"Juiz de Fora","Grande Hotel Estação Norte",02
"Juiz de Fora","Hotel Fazenda Morro Grande",02
"Lavras Novas","Chalé Céu e Terra",02
"Lavras Novas","Pousada Fonte Viva",02
"Lavras Novas","Aconchego Mineiro",02
"Lavras Novas","Hotel Recanto da Serra",02
"Lavras Novas","Hospedaria Vila Rica",02
"Lavras Novas","Trilhas de Minas Hostel Camping",02
"Lavras Novas","Hotel Brasil Real",02
"Lavras Novas","Pousada Contos de Minas",02
"Lavras Novas","Chalé Cartuxa Park",02
"Lavras Novas","Capricho Asturiano",02
"Lima Duarte","Villa Nova Chalés",02
"Lima Duarte","Bela Casinha - No Caminho de Ibitipoca",02
"Lima Duarte","Sítio Vovô Zezé - rota de bike e motocross",02
"Lima Duarte","Sítio das Hortênsias",02
"Lima Duarte","Chalés Belo Vale - Rua do Curro",02
"Lima Duarte","Chalés Belo Vale - Rua do Céu",02
"Lima Duarte","Pousada Sangha Pyara",02
"Lima Duarte","Chalés Belvedere",02
"Lima Duarte","Du Vadinho Hotel",02
"Lima Duarte","Casa Cantinho da serra",02
"Lima Duarte","Chalés Sítio Do Tanque",02
"Lima Duarte","Serra do Ibitipoca Hotel de Lazer",02
"Lima Duarte","Casa Ibitipoca",02
"Lima Duarte","APT VILA IBITIPOCA",02
"Lima Duarte","Apartamento Centro",02
"Lima Duarte","Casa Cambuí Hospedagem Rural Familiar",02
Magé,"Casa em Mini Sítio na Praia de Mauá",02
Magé,"Casa do papai Noel",02
Magé,"Charmoso Sítio em Parada Modelo",02
Magé,"Rancho Cravo e Canela - Guapimirim",02
Magé,"Suítes Caminho das Rosas Experiência na Montanha",02
Magé,"Sítio dos Guedes",02
Magé,"Pousada Camping dos Ypês",02
Magé,"Espaço Aconchegante Na Ilha de Paquetá",02
Magé,"Casa Espaçosa Ilha de Paquetá",02
Magé,PACHAMAMA,02
Magé,"Casa de Noca Paquetá",02
Magé,"Carvalho de Paquetá",02
Magé,"Casa do Lago",02
Magé,"Loft completo próximo a cachoeira",02
Magé,"Sitio Da Wal",02
Magé,"Loft Aconchegante em Petrópolis",02
Magé,"Hotel Caracas Rio Aeroporto Galeão",02
Magé,"Hotel Plage",02
Magé,"Fog GuestHouse",02
Magé,"Princesa Isabel Pousada e Hotel – Visconde",02
Magé,"Apartamento aconchegante",02
Magé,"Hostel Petrópolis",02
Magé,"Recanto da CBF",02
Magé,"Chamego em Teresópolis",02
Magé,"CurtaTerê: piscina, cachoeira, churrasqueira, muito verde",02
"Paraíba do Sul","WTR CHALÉS",02
"Paraíba do Sul","ibis Styles Tres Rios",02
"Paraíba do Sul","Hotel Comendador",02
"Paraíba do Sul","Sítio 1001 - Observe o mais belo céu do RJ",02
"Paraíba do Sul","HOSTEL DAS ESTRELAS",02
Petrópolis,"ibis budget Petropolis",02
Petrópolis,"Hospedaria Alecrim - Pousada Sustentável APA",02
Petrópolis,"Princesa Isabel Pousada e Hotel – Visconde",02
Petrópolis,"POUSADA QUINTA DOS PÁSSAROS PETRÓPOLIS antiga Pousada e SPA Apoema",02
Petrópolis,"Granja Brasil - NM Imovéis Itaipava",02
Petrópolis,"Pousada Monte Imperial",02
Petrópolis,"Apartamento aconchegante",02
Petrópolis,"Casa de Campo rústica no Vale das Videiras",02
Petrópolis,"Hostel Petrópolis",02
Petrópolis,"Pousada Imperial Koeler",02
Petrópolis,"Loft Aconchegante em Petrópolis",02
Petrópolis,"Casa de vidro",02
Petrópolis,"Casa Fazenda Inglesa - Anexo",02
Petrópolis,"Fog GuestHouse",02
Petrópolis,"Loft Palácio de Cristal",02
Petrópolis,"Ace Casinha & Chalet - Centro histórico",02
Petrópolis,"Chalé Rosa do Vale",02
Petrópolis,"Palácio Quitandinha Espetacular Apartamento com Vista para o Lago",02
Petrópolis,"Nosso Sítio - Rancho Santa Clara Itaipava",02
Petrópolis,"Bomtempo II - Chales da Mata",02
Petrópolis,"Apart-hotel Granja Brasil Itaipava",02
Petrópolis,"Estudio Itaipava Suíte",02
Petrópolis,"Fazenda Piloes",02
Petrópolis,"Suites em meio a Mata Atlântica",02
Petrópolis,"Estância das Nascentes - Sítio São Francisco",02
Piranga,"Hotel Fazenda Pirapetinga",02
"Rio de Janeiro","Rio Othon Palace",02
"Rio de Janeiro","Pestana Rio Atlantica",02
"Rio de Janeiro","Arena Ipanema Hotel",02
"Rio de Janeiro","Hilton Copacabana Rio de Janeiro",02
"Rio de Janeiro","Novotel Rio de Janeiro Leme",02
"Rio de Janeiro","Hilton Barra Rio de Janeiro",02
"Rio de Janeiro","Mar Palace Copacabana Hotel",02
"Rio de Janeiro","Laghetto Stilo Barra Rio",02
"Rio de Janeiro","Savoy Othon",02
"Rio de Janeiro","ibis Rio de Janeiro Barra da Tijuca",02
"Rio de Janeiro","Novotel Rio de Janeiro Barra da Tijuca",02
"Rio de Janeiro","Novotel RJ Santos Dumont",02
"Rio de Janeiro","B&B Hotels Rio de Janeiro Norte",02
"Rio de Janeiro","Mercure Rio Boutique Hotel Copacabana",02
"Rio de Janeiro","ibis Rio de Janeiro Centro",02
"Rio de Janeiro","Novotel RJ Porto Atlantico",02
"Rio de Janeiro","Copacabana Palace, A Belmond Hotel, Rio de Janeiro",02
"Rio de Janeiro","Grand Mercure Rio de Janeiro Copacabana",02
"Rio de Janeiro","Selina Copacabana",02
"Rio de Janeiro","Hotel Villa Rica",02
"Rio de Janeiro","Arena Leme Hotel",02
"Rio de Janeiro","ibis Rio de Janeiro Santos Dumont",02
"Rio de Janeiro","Yoo2 Rio de Janeiro by Intercity",02
"Rio de Janeiro","ibis Copacabana Posto 5",02
"Rio de Janeiro","Nobile Hotel Copacabana Design",02
"Simão Pereira","Hotel Fazenda Morro Grande",02
"Simão Pereira","Hotel Green Hill",02
"Simão Pereira","ibis Juiz de Fora",02
"Simão Pereira","Hotel Comendador",02
"Simão Pereira","ibis Styles Tres Rios",02
"Simão Pereira","Premier Parc Hotel",02
"Simão Pereira","Trade Hotel",02
"Simão Pereira","Haras Morena Resort",02
"Simão Pereira","Victory Business Hotel",02
"Simão Pereira","Victory Suites",02
"Simão Pereira","AP CENTRAL",02
"Simão Pereira",AP-205,02
"Simão Pereira","Chácara Eni Barbosa",02
"Simão Pereira","Ritz Plaza Hotel",02
"Simão Pereira","Maxim Plaza Hotel",02
"Simão Pereira","Real Hotel",02
"Simão Pereira","Barato e confortável AP 104",02
"Simão Pereira","Para voce ou sua empresa 105",02
"Simão Pereira","Estadia Confortável AP 102",02
"Simão Pereira","AP Descanso ou trabalho 103",02
"Simão Pereira","130/302 AP 306 Um dois quartos dos seus sonhos",02
"Simão Pereira","130/101 Apartamento 106",02
"Três Rios","Hotel Comendador",02
"Três Rios","ibis Styles Tres Rios",02
"Três Rios","HOSTEL DAS ESTRELAS",02
"Três Rios","WTR CHALÉS",02
"Três Rios","Hotel Fazenda Morro Grande",02
"Três Rios","Sítio 1001 - Observe o mais belo céu do RJ",02
Aiuruoca,"Chalé das Corruiras",03
Aiuruoca,"POUSADA PARAISO DOS TUCANOS",03
Aiuruoca,"Pousada Alquimia",03
Aiuruoca,"Canto dos Pássaros",03
Aiuruoca,"Hospedagem Colinas",03
Aiuruoca,"Lenda da Montanha & Recanto do Lago",03
Aiuruoca,"RECANTO DO LEÃO",03
Aiuruoca,"Pousada Recanto do Ypê",03
Aiuruoca,"Pousada Recanto das Flores",03
Aiuruoca,"Casa amarela",03
Aiuruoca,"Paz , sossego e privacidade em Aiuruoca",03
Aiuruoca,"Chalé Vale do Cangalha",03
Aiuruoca,"Chácara Toca do Toco",03
Aiuruoca,"sitio para relaxar, piscina e churrasqueira",03
Aiuruoca,"Recanto do Leão",03
Aiuruoca,"RECANTO DO LEÃO",03
Andrelândia,"Pousada do Ribeirão",03
Andrelândia,"Pousada Fazenda das Bicas",03
Andrelândia,"Estalagem do Porto",03
Aparecida,"São Bento Palace Hotel",03
Aparecida,"Hotel Mãe Rainha",03
Aparecida,"Pousada Santa Cruz",03
Aparecida,"Ouro Minas Plaza Hotel",03
Aparecida,"Hotel Santo Graal",03
Aparecida,"Hotel Pousada da Capital da Fe",03
Aparecida,"Hotel São Gabriel",03
Aparecida,"Santa Catarina Hotel",03
Aparecida,"Pousada Jovimar",03
Aparecida,"Grande Hotel Londrina",03
Aparecida,"Pousada Recanto da Fé",03
Aparecida,"Hotel Pousada Recanto da Madá",03
Aparecida,"Pousada Santa Maria",03
Aparecida,"Pousada Brasil - Self Check-in",03
Aparecida,"Hotel Portobello",03
Aparecida,"Pousada Terras de Frei Galvão",03
Aparecida,"Pousada Coração de Jesus",03
Aparecida,"Hotel Porto dos Milagres",03
Aparecida,"Casa para hospedagem bairro nobre de Aparecida",03
Aparecida,"Pousada Aliança",03
Aparecida,"Chácara Bom Jesus",03
Aparecida,"Pousada Estrela de Davi",03
Aparecida,"Hotel Romaria Aparecida",03
Aparecida,"Hotel Pousada Rogai",03
Aparecida,"Hotel Mão de Fatima",03
Areias,"Chalé Bela Vista",03
Areias,"Graal Inn Hotéis",03
Areias,"Fazenda Casa Nova",03
Areias,"Pousada Sitio Barreirinha",03
Areias,"Chalé Acima das nuvens - Serra da bocaina",03
Areias,"Pousada Campo Alegre",03
Areias,"POUSADA CAMISA 10",03
Areias,"Lar da Tamara",03
Areias,"Hotel Chalés Terra Nova",03
Areias,"Pousada Encantus",03
Areias,"Encantu's Flats",03
Areias,"Casa de Férias para sua Família e seu Pet!",03
Areias,"Casa de Campo com piscina, sauna e rio privativo",03
Areias,"GRAAL INN ITATIAIA",03
Areias,"Casa ampla em penedo",03
Areias,"Hotel Casa Encantada",03
Areias,"Casa Dos Artistas",03
Areias,"Chalé Condominio Linda Vista",03
Areias,"Refúgio nas Montanhas",03
Areias,"Pousada Chiclé Penedo",03
Areias,"Chalé saí azul",03
Areias,"Chalé aconchegante para família no Centro",03
Areias,"Casa de Tijolinho Penedo-RJ",03
Areias,"Pousada Tapera",03
Areias,"Pousada Suarez",03
Baependi,"Pousada Cachoeirinha",03
Baependi,"Casa de campo Recanto Pedra Azul",03
Baependi,"Quinta da Ana",03
Baependi,"Loft no Circuito das Águas Minerais",03
Baependi,"Studio em Caxambu",03
Baependi,"Hotel Bragança",03
Baependi,"Recanto Trilha da Pesca",03
Baependi,"Pousada dos Tucanos",03
Baependi,"Hostel Montanha Sagrada",03
Baependi,"Studio em linda Área Preservada",03
Baependi,"Hotel Negreiros",03
Baependi,"Chalé das Corruiras",03
Baependi,"Hotel Colonial",03
Baependi,"Chalés Bela Vista",03
Baependi,"Pousada Sítio Terra Viva",03
Baependi,"APARTAMENTO ENCANTADOR NO CENTRO DE SÃO LOURENÇO-MG",03
Baependi,"casa de temporada",03
Baependi,"Apartamento no coração da cidade, a 5 minutos do Parque",03
Barroso,"Gold Hotel",03
Barroso,"Pouso do Bichinho 1",03
Barroso,"Pousada Cantagalo Bichinho MG",03
Barroso,"Casa de Adobe Casa de Temporada no Bichinho-MG",03
Barroso,"Pousada Cipo Artes",03
Barroso,"Pousada Quatro Estações",03
Barroso,"Casa Verde-Casa de Temporada no Bichinho",03
Barroso,"Hotel Aliança Barbacena",03
Barroso,"Hotel Miranelli",03
Barroso,"Chalés do Apolinário",03
Barroso,"Pousada Campestre Vila Tiradentes",03
Barroso,"ibis budget Barbacena",03
Barroso,"Flat dos Bandeirantes",03
Barroso,"Pouso do Bizuca",03
Barroso,"Hospedaria da lucia",03
Barroso,"Casa com piscina temporada Tiradentes do mazinho",03
Barroso,"Pousada Bárbara Heliodora",03
Barroso,"Pousada Vó Iris",03
Barroso,"Segredo da Serra Guest House",03
Barroso,"Chalé das Flores",03
Barroso,"Casa Alisson",03
Barroso,"Du Malta",03
Barroso,"Chalés Recanto do Trevo",03
Barroso,"Casa agradável em Tiradentes",03
Barroso,"Village Plaza Hotel",03
"Belo Vale","Pousada Princesa Do Vale",03
"Belo Vale","Hotel H2 Congonhas",03
"Belo Vale","Solar boa vista",03
"Belo Vale","Pouso do Bação - Itabirito MG - São Gonçalo do Bação",03
"Belo Vale","Casa de Veraneio Villa Lopes",03
Bichinho,"Pouso do Bichinho 1",03
Bichinho,"Pousada Cantagalo Bichinho MG",03
Bichinho,"Casa Verde-Casa de Temporada no Bichinho",03
Bichinho,"Casa de Adobe Casa de Temporada no Bichinho-MG",03
Bichinho,"Pousada Cipo Artes",03
Bichinho,"Pousada Quatro Estações",03
Bichinho,"Pousada Campestre Vila Tiradentes",03
Bichinho,"Pousada Vó Iris",03
Bichinho,"Pouso do Bizuca",03
Bichinho,"Du Malta",03
Bichinho,"Casa com piscina temporada Tiradentes do mazinho",03
Bichinho,"Pousada Bárbara Heliodora",03
Bichinho,"Chalés do Apolinário",03
Bichinho,"Segredo da Serra Guest House",03
Bichinho,"Chalé das Flores",03
Bichinho,"Casa Alisson",03
Bichinho,"Hospedaria da lucia",03
Bichinho,"Casa agradável em Tiradentes",03
Bichinho,"Flat dos Bandeirantes",03
Bichinho,"Hotel Fazenda Pontal de Tiradentes",03
Bichinho,"Chalés Recanto do Trevo",03
Bichinho,"Casa com bangalôs agradável e tranquilo",03
Bichinho,"Hotel Fazenda Bela Vista",03
Bichinho,"Pousada Clube Santa Cruz",03
Bichinho,"Pousada Morada Do Sol mg",03
"Cachoeira Paulista","Videiras Palace Hotel",03
"Cachoeira Paulista","Pousada Cereja",03
"Cachoeira Paulista","Pousada Videiras Santa Rita de Cássia",03
"Cachoeira Paulista","Domus Angelis",03
"Cachoeira Paulista","ibis budget Lorena",03
"Cachoeira Paulista","ibis Lorena",03
"Cachoeira Paulista","Sítio Serra do Gigante",03
"Cachoeira Paulista","CASA BELA VISTA MANTIQUEIRA",03
"Cachoeira Paulista","Kafé Hotel",03
Carrancas,"Pousada Ceu e Serra",03
Carrancas,"Pousada Canto Do Aconchego",03
Carrancas,"Hospedaria Vó Zazá",03
Carrancas,"Pousada Sitio da Serra",03
Carrancas,"Pousada Chalé Terra Viva",03
Carrancas,"Hospedaria Vó Zazá - Anexo",03
Carrancas,"CHALÉ ADOBE",03
Carrancas,"Quitinete Florarte",03
Caxambu,"Hotel Bragança",03
Caxambu,"Studio em Caxambu",03
Caxambu,"Loft no Circuito das Águas Minerais",03
Caxambu,"Quinta da Ana",03
Caxambu,"Casa de campo Recanto Pedra Azul",03
Caxambu,"Pousada Cachoeirinha",03
Caxambu,"Recanto Trilha da Pesca",03
Caxambu,"Hostel Montanha Sagrada",03
Caxambu,"Studio em linda Área Preservada",03
Caxambu,"Hotel Negreiros",03
Caxambu,"Hotel Colonial",03
Caxambu,"Pousada do Solar",03
Caxambu,"APARTAMENTO ENCANTADOR NO CENTRO DE SÃO LOURENÇO-MG",03
Caxambu,"casa de temporada",03
Caxambu,"Aconchego Mineiro",03
Caxambu,"Apartamento no coração da cidade, a 5 minutos do Parque",03
Caxambu,"Sitio Pensilvânia",03
Caxambu,"Pousada do Ipê",03
Caxambu,"Pousada Casarão De Minas",03
Caxambu,"Pousada da Mariinha",03
Caxambu,"Casa inteira agradável com estacionamento incluído",03
Cruzeiro,"Sítio Serra do Gigante",03
Cruzeiro,"Pousada Cereja",03
Cruzeiro,"Videiras Palace Hotel",03
Cruzeiro,"Pousada Videiras Santa Rita de Cássia",03
Cruzeiro,"Domus Angelis",03
Cruzeiro,"Pousada das Pedras",03
Cruzeiro,"Pousada Quilombo",03
Cruzeiro,"Recanto da Val",03
Cruzeiro,"Hotel Serra Azul",03
Cruzeiro,"Pousada Recanto da Mantiqueira",03
Cruzeiro,"Graal Inn Hotéis",03
Cruzeiro,"Pousada Vilarejo das Oliveiras",03
Cruzeiro,"Casa Amarela",03
Cruzeiro,"ibis budget Lorena",03
Cruzeiro,"ibis Lorena",03
Cruzeiro,"POUSADA ESTAÇÃO MARMELO",03
Cunha,"Pousada São Miguel",03
Cunha,"Pousada Estância Vip",03
Cunha,"Pousada e Restaurante Clima da Serra",03
Cunha,"Aconchego da bocaina",03
Cunha,"B&B Sol Poente",03
Cunha,"Hospedagem Carvalho",03
Cunha,"Pousada Pedacinho do Ceu chale 2",03
Cunha,"Estalagem Real Café",03
Cunha,"Pousada Pedacinho do Ceu- chalé 1",03
Cunha,"Pousada Sítio Aparição",03
Cunha,"Estalagem Mar de Morros",03
Cunha,"Apartamento Elite em Cunha",03
Cunha,"Flores de Cunha",03
Cunha,"Estalagem Cardoso",03
Cunha,"Chalé Bali",03
Cunha,"Sitio Canto do Colibri",03
Cunha,"Nossa Casa",03
Cunha,"Hospedagem Aconchego",03
Cunha,"Chácara Portal dos Anjos",03
Cunha,"Pousada Pedacinho do Céu suite A",03
Cunha,Loft/Studio,03
Cunha,"Pousada & Camping Seriema",03
Cunha,"Sítio Ramos",03
Cunha,"Recanto do Riacho",03
Cunha,"Sítio Campo Sereno - Localização Privilegiada",03
"Delfim Moreira","Oca Roça",03
"Delfim Moreira","Oca Mantiqueira",03
"Delfim Moreira","Casa de campo Amantykir",03
"Delfim Moreira","Apartamento Estrada Real - Apart Hotel em Marmelópolis",03
"Delfim Moreira","POUSADA ESTAÇÃO MARMELO",03
"Delfim Moreira","Pousada Vilarejo das Oliveiras",03
"Delfim Moreira","Hotel Centenario Itajuba",03
"Delfim Moreira","Hotel Oriente",03
"Delfim Moreira","Chalé com Piscina em Piranguçu - Serra Mantiqueira",03
"Delfim Moreira","Sítio Serra do Gigante",03
"Delfim Moreira","Pousada Verde Maratea",03
Guaratinguetá,"ibis Guaratingueta Aparecida",03
Guaratinguetá,"Kafé Hotel",03
Guaratinguetá,"Hotel Fazenda Sete Lagos",03
Guaratinguetá,"Pousada e restaurante Além das Nuvens",03
Guaratinguetá,"Casa residencial no centro de Guaratinguetá",03
Guaratinguetá,"CASA BELA VISTA MANTIQUEIRA",03
Guaratinguetá,"Aparecida Akuto's Pousada",03
Guaratinguetá,"Hotel Mãe Rainha",03
Guaratinguetá,"Ouro Minas Plaza Hotel",03
Guaratinguetá,"Hotel Pousada da Capital da Fe",03
Guaratinguetá,"Hotel São Gabriel",03
Guaratinguetá,"Hotel Portobello",03
Guaratinguetá,"Hotel Pousada Rogai",03
Guaratinguetá,"Hotel Mão de Fatima",03
Guaratinguetá,"Pousada Rogai - Suítes Anexas",03
Guaratinguetá,"FAMÍLIA CHARLEAUX",03
Guaratinguetá,"Coração de mãe",03
Guaratinguetá,"Utopia Hostel",03
Guaratinguetá,"Casinha amarela",03
Guaratinguetá,"Hotel Pousada Estação Dos Devotos",03
Guaratinguetá,"CANTINHO VOLTE SEMPRE",03
Guaratinguetá,"A sua CASA em Aparecida CASA ampla e acolchegante.",03
Guaratinguetá,"São Bento Palace Hotel",03
Guaratinguetá,"Pousada Santa Cruz",03
Guaratinguetá,"Hotel Santo Graal",03
Itamonte,"Solar Picu Eco-hospedaria",03
Itamonte,"Camping Sítio Guimarães",03
Itamonte,"Guest House Mantiqueira - Itamonte - MG",03
Itamonte,"CASA dos ARCOS",03
Itamonte,"Pousada Vila Minas",03
Itamonte,"Pousada Sonho Meu",03
Itamonte,"Pousada Bonani",03
Itamonte,"Pousada São Sebastião",03
Itamonte,"Casa Amarela",03
Itamonte,"Refúgio nas Montanhas",03
Itamonte,"Pousada Recanto da Mantiqueira",03
Itamonte,"Recanto da Val",03
Itamonte,"Hotel Serra Azul",03
Itamonte,"Pousada das Pedras",03
Itamonte,"Pousada Quilombo",03
Itamonte,"Casa de Campo com piscina, sauna e rio privativo",03
Itamonte,"Sitio Pensilvânia",03
Itamonte,"Pousada Água Limpa",03
Itamonte,"Gran Camping Cabanas da Fazenda",03
Itanhandu,"Pousada Bonani",03
Itanhandu,"Pousada Vila Minas",03
Itanhandu,"Pousada Sonho Meu",03
Itanhandu,"Guest House Mantiqueira - Itamonte - MG",03
Itanhandu,"Pousada São Sebastião",03
Itanhandu,"CASA dos ARCOS",03
Itanhandu,"Pousada Recanto da Mantiqueira",03
Itanhandu,"Casa Amarela",03
Itanhandu,"Recanto da Val",03
Itanhandu,"Hotel Serra Azul",03
Itanhandu,"Pousada Quilombo",03
Itanhandu,"Camping Sítio Guimarães",03
Itanhandu,"Pousada das Pedras",03
Itanhandu,"Pousada Água Limpa",03
Itanhandu,"Solar Picu Eco-hospedaria",03
Itanhandu,"Sitio Pensilvânia",03
Itanhandu,"Refúgio nas Montanhas",03
Itanhandu,"casa de temporada",03
Itanhandu,"Aconchego Mineiro",03
Itanhandu,"Hotel Negreiros",03
Itanhandu,"Hotel Colonial",03
Itanhandu,"Pousada do Solar",03
Itanhandu,"Pousada da Mariinha",03
Itanhandu,"APARTAMENTO ENCANTADOR NO CENTRO DE SÃO LOURENÇO-MG",03
Itanhandu,"Casa inteira agradável com estacionamento incluído",03
Lagoinha,"Terraço Hotel",03
Lagoinha,"Pousada do Sol",03
Lagoinha,"Hotel Platô",03
Lagoinha,"Apartamento encantador em Lagoinha CE",03
Lagoinha,"Noah de Coco Hotel Pousada",03
Lagoinha,"Pousada Maria Brasil",03
Lagoinha,"Paracuru Kitefriends Lux Pousada",03
Lagoinha,"Paracuru SurfRide casa de ferias holiday House",03
Lagoinha,"Casa de Praia Paracuru",03
Lagoinha,Maribel,03
Lagoinha,"Cháchara em Paracuru.ce",03
Lagoinha,"Pousada Brilho da Lua",03
Lagoinha,"Suíte em Flecheiras",03
Lagoinha,"Flat muito confortavel com Wi Fi em Trairi CE",03
Lagoinha,"Casa Kuara",03
Lagoinha,"Casa de charme de frente para Praia de Flecheiras! Kitesurf Paradise!",03
Lagoinha,"Inn Tribus Hotel",03
Lagoinha,"Casa de pescador",03
Lagoinha,"Flecheiras Chalés",03
Lagoinha,"Vila Alicia Flecheiras",03
Lagoinha,"Blue House Flecheiras",03
Lagoinha,"Casa de praia confortável, mobiliada e com ótima localização",03
Lagoinha,"Casa em Paracuru",03
Lambari,"Pousada & Pesqueiro Chico Bento",03
Lambari,"Pousada do Duque",03
Lambari,"Pousada Lambari Montanha Hotel",03
Lambari,"Pousada São Pedro",03
Lambari,"Arte de Minas",03
Lorena,"ibis budget Lorena",03
Lorena,"ibis Lorena",03
Lorena,"CASA BELA VISTA MANTIQUEIRA",03
Lorena,"Kafé Hotel",03
Lorena,"Casa residencial no centro de Guaratinguetá",03
Lorena,"ibis Guaratingueta Aparecida",03
Lorena,"Videiras Palace Hotel",03
Lorena,"Pousada Videiras Santa Rita de Cássia",03
Lorena,"Domus Angelis",03
Lorena,"Aparecida Akuto's Pousada",03
Lorena,"Hotel Pousada Estação Dos Devotos",03
Lorena,"Hotel Mãe Rainha",03
Lorena,"Ouro Minas Plaza Hotel",03
Lorena,"Hotel Pousada da Capital da Fe",03
Lorena,"Hotel São Gabriel",03
Lorena,"Grande Hotel Londrina",03
Lorena,"Pousada Brasil - Self Check-in",03
Lorena,"Hotel Portobello",03
Lorena,"Pousada Coração de Jesus",03
Lorena,"Hotel Pousada Rogai",03
Lorena,"Hotel Mão de Fatima",03
Lorena,"Pousada Rogai - Suítes Anexas",03
Lorena,"Pousada São João",03
Lorena,"FAMÍLIA CHARLEAUX",03
Lorena,"Coração de mãe",03
"Maria da Fé","Pousada Maria da Fé",03
"Maria da Fé","Hotel Centenario Itajuba",03
"Maria da Fé","Casa de campo Amantykir",03
"Maria da Fé","Hotel Oriente",03
Moeda,"Chalé Rústico",03
Moeda,"Pousada Princesa Do Vale",03
Moeda,"Ecovila Coração da Mata",03
Moeda,"Casa de Veraneio Villa Lopes",03
Moeda,"Pouso do Bação - Itabirito MG - São Gonçalo do Bação",03
Moeda,"eSuites Lagoa dos Ingleses",03
Paraty,"Selina Paraty",03
Paraty,"Pouso Atobá",03
Paraty,"Pousada Magia Verde",03
Paraty,"Pousada Tarituba",03
Paraty,"Casa Aldeia Paraty",03
Paraty,"Urukuá Hostel e Pousada Paraty",03
Paraty,"Pousada Mar Azul",03
Paraty,"Trip House Hospedagem",03
Paraty,"Pousada Brisa de Paraty",03
Paraty,"Hospedagem Villa Caiçara",03
Paraty,"Pousada Apple House Paraty",03
Paraty,"Pousada Litoral Paraty",03
Paraty,"Pousada Solar do Algarve",03
Paraty,"Pousada Aloes",03
Paraty,"Casa Lindas Cachoeiras hospedagem",03
Paraty,"Leo's Clan Beach Hostel",03
Paraty,"Pousada Prisma",03
Paraty,"Pousada Solar D Alcina",03
Paraty,"casa super aconchegante",03
Paraty,"Vivendas do Mar Paraty",03
Paraty,"Suítes E Ponto",03
Paraty,"Pousada Macabéa",03
Paraty,"Dom Pedro House",03
Paraty,"POUSADA HAPPY DAY PARATY",03
Paraty,"Nossa Casa, Sua Casa 02 - Excelente Localizacao",03
"Passa Quatro","Pousada Recanto da Mantiqueira",03
"Passa Quatro","Pousada das Pedras",03
"Passa Quatro","Pousada Quilombo",03
"Passa Quatro","Recanto da Val",03
"Passa Quatro","Hotel Serra Azul",03
"Passa Quatro","Casa Amarela",03
"Passa Quatro","Pousada Sonho Meu",03
"Passa Quatro","Pousada Bonani",03
"Passa Quatro","Pousada Vila Minas",03
"Passa Quatro","Pousada Água Limpa",03
"Passa Quatro","Camping Sítio Guimarães",03
"Passa Quatro","CASA dos ARCOS",03
"Passa Quatro","Guest House Mantiqueira - Itamonte - MG",03
"Passa Quatro","Pousada São Sebastião",03
"Passa Quatro","Solar Picu Eco-hospedaria",03
"Passa Quatro","Pousada Vilarejo das Oliveiras",03
"Passa Quatro","Sítio Serra do Gigante",03
"Passa Quatro","Refúgio nas Montanhas",03
"Passa Quatro","POUSADA ESTAÇÃO MARMELO",03
"Passa Quatro","Apartamento Estrada Real - Apart Hotel em Marmelópolis",03
"Passa Quatro","Casa de Campo com piscina, sauna e rio privativo",03
Pindamonhangaba,"Summit Suítes Hotel Pindamonhangaba",03
Pindamonhangaba,"Intercity Patio Pindamonhangaba",03
Pindamonhangaba,"Domum Hotel",03
Pindamonhangaba,"Pinda Palace Hotel",03
Pindamonhangaba,"Hotel Pousada Liberdade",03
Pindamonhangaba,"Vale Hostel",03
Pindamonhangaba,"Recanto do Ribeirão",03
Pindamonhangaba,"CASA SANTA'ANNA",03
Pindamonhangaba,"Hotel Fazenda Pé da Serra",03
Pindamonhangaba,Poupahotel,03
Pindamonhangaba,"Espaço Viagi Hostel",03
Pindamonhangaba,"Antico Plaza Hotel",03
Pindamonhangaba,"Olavo Bilac Hotel",03
Pindamonhangaba,"Samambaia Executive Hotel",03
Pindamonhangaba,"Hotel Ideal Taubaté",03
Pindamonhangaba,"Fazenda das Palmeiras",03
Pindamonhangaba,"San Michel Palace Hotel",03
Pindamonhangaba,"ibis Taubate",03
Pindamonhangaba,"Flat Schnneider para empresas e representantes e estudantes e viagens curtas",03
Pindamonhangaba,"Plaza Suite Hotel",03
Pindamonhangaba,"Pousada Serra da Mantiqueira",03
Pindamonhangaba,"Sitio Primavera",03
Pindamonhangaba,"Taubatexas hostel",03
Pindamonhangaba,"Recanto Felicittá",03
Pindamonhangaba,"Chácara com piscina e churrasqueira",03
Prados,"Pousada Cipo Artes",03
Prados,"Pousada Quatro Estações",03
Prados,"Pouso do Bichinho 1",03
Prados,"Pousada Cantagalo Bichinho MG",03
Prados,"Casa Verde-Casa de Temporada no Bichinho",03
Prados,"Casa de Adobe Casa de Temporada no Bichinho-MG",03
Prados,"Pousada Campestre Vila Tiradentes",03
Prados,"Pousada Vó Iris",03
Prados,"Pouso do Bizuca",03
Prados,"Du Malta",03
Prados,"Casa com piscina temporada Tiradentes do mazinho",03
Prados,"Pousada Bárbara Heliodora",03
Prados,"Segredo da Serra Guest House",03
Prados,"Chalé das Flores",03
Prados,"Hospedaria da lucia",03
Prados,"Casa agradável em Tiradentes",03
Prados,"Flat dos Bandeirantes",03
Prados,"Hotel Fazenda Bela Vista",03
Prados,"Chalés do Apolinário",03
Prados,"Casa Alisson",03
Prados,"Hotel Fazenda Pontal de Tiradentes",03
Prados,"Casa com bangalôs agradável e tranquilo",03
Prados,"Chalés Recanto do Trevo",03
Prados,"Pousada Morada Do Sol mg",03
Prados,"Hotel Trilhos de Minas",03
Queluz,"Graal Inn Hotéis",03
Queluz,"Fazenda Casa Nova",03
Queluz,"Chalé Bela Vista",03
Queluz,"Pousada Sitio Barreirinha",03
Queluz,"Casa de Campo com piscina, sauna e rio privativo",03
Queluz,"Refúgio nas Montanhas",03
Queluz,"Solar Picu Eco-hospedaria",03
Queluz,"Casa Amarela",03
Queluz,"Pousada Campo Alegre",03
Queluz,"Pousada Cereja",03
Queluz,"POUSADA CAMISA 10",03
Queluz,"Hotel Chalés Terra Nova",03
Queluz,"Pousada Encantus",03
Queluz,"Encantu's Flats",03
Queluz,"Casa de Férias para sua Família e seu Pet!",03
Queluz,"Lar da Tamara",03
Queluz,"Camping Sítio Guimarães",03
Queluz,"Chalé Acima das nuvens - Serra da bocaina",03
Queluz,"Gran Camping Cabanas da Fazenda",03
Queluz,"Pousada das Pedras",03
Queluz,"Hotel Serra Azul",03
"Resende Costa","Pousada DDB",03
"Resende Costa","CASA NA ROÇA, TRILHA E EXPERIÊNCIA NO SÍTIO DUTRA",03
"Resende Costa","Hotel Fazenda Bela Vista",03
"Resende Costa","Pousada Kart Clube",03
"Resende Costa","Casa com bangalôs agradável e tranquilo",03
"Resende Costa","Casa Verde-Casa de Temporada no Bichinho",03
Ritápolis,"CASA NA ROÇA, TRILHA E EXPERIÊNCIA NO SÍTIO DUTRA",03
Ritápolis,"Pousada Kart Clube",03
Ritápolis,"PLANETA SEX MOTEL",03
Ritápolis,"Hotel Trilhos de Minas",03
Ritápolis,"Hotel Fazenda Bela Vista",03
Ritápolis,"Hotel Ponte Real",03
Ritápolis,"Pousada Morada Do Sol mg",03
Ritápolis,"Hotel Colonial",03
Ritápolis,"Pousada DDB",03
Ritápolis,"Casa com bangalôs agradável e tranquilo",03
Ritápolis,"Pousada Clube Santa Cruz",03
Ritápolis,"Hotel Fazenda Pontal de Tiradentes",03
Ritápolis,"Pousada Bárbara Heliodora",03
Ritápolis,"Segredo da Serra Guest House",03
Ritápolis,"Chalé das Flores",03
Ritápolis,"Casa agradável em Tiradentes",03
Ritápolis,"Pousada Vó Iris",03
Ritápolis,"Pouso do Bizuca",03
Ritápolis,"Casa Alisson",03
Ritápolis,"Du Malta",03
Ritápolis,"Hospedaria da lucia",03
Ritápolis,"Flat dos Bandeirantes",03
Ritápolis,"Pousada Campestre Vila Tiradentes",03
Ritápolis,"Chalés Recanto do Trevo",03
Ritápolis,"Casa com piscina temporada Tiradentes do mazinho",03
Roseira,"Recanto Felicittá",03
Roseira,"Santa Catarina Hotel",03
Roseira,"Pousada Jovimar",03
Roseira,"Hotel Mirante do Porto",03
Roseira,"Hotel Porto dos Milagres",03
Roseira,"Hotel Romaria Aparecida",03
Roseira,"Pousada Terras de Frei Galvão",03
Roseira,"Pousada Aliança",03
Roseira,"Casa com 6 quartos e confortável próxima ao Santuário",03
Roseira,"Casa Rainha da Paz",03
Roseira,"São Bento Palace Hotel",03
Roseira,"Pousada Santa Cruz",03
Roseira,"Hotel Santo Graal",03
Roseira,"Grande Hotel Londrina",03
Roseira,"Pousada Recanto da Fé",03
Roseira,"Hotel Pousada Recanto da Madá",03
Roseira,"Pousada Santa Maria",03
Roseira,"Pousada Brasil - Self Check-in",03
Roseira,"Casa para hospedagem bairro nobre de Aparecida",03
Roseira,"Chácara Bom Jesus",03
Roseira,"Pousada Estrela de Davi",03
Roseira,"Pousada Casa Verde",03
Roseira,"Casa de Temporada Ubirajara Até 10 pessoas",03
Roseira,"VÓ AMÉLIA 02",03
Roseira,"Casa em Aparecida perto da Basílica",03
"Santa Cruz de Minas","Pousada Clube Santa Cruz",03
"Santa Cruz de Minas","Hotel Trilhos de Minas",03
"Santa Cruz de Minas","PLANETA SEX MOTEL",03
"Santa Cruz de Minas","Pousada Morada Do Sol mg",03
"Santa Cruz de Minas","Hotel Ponte Real",03
"Santa Cruz de Minas","Hotel Colonial",03
"Santa Cruz de Minas","Hotel Fazenda Pontal de Tiradentes",03
"Santa Cruz de Minas","Casa com bangalôs agradável e tranquilo",03
"Santa Cruz de Minas","Segredo da Serra Guest House",03
"Santa Cruz de Minas","Pousada Kart Clube",03
"Santa Cruz de Minas","Casa Alisson",03
"Santa Cruz de Minas","Flat dos Bandeirantes",03
"Santa Cruz de Minas","Pousada Bárbara Heliodora",03
"Santa Cruz de Minas","Pousada Vó Iris",03
"Santa Cruz de Minas","Pouso do Bizuca",03
"Santa Cruz de Minas","Chalé das Flores",03
"Santa Cruz de Minas","Du Malta",03
"Santa Cruz de Minas","Hospedaria da lucia",03
"Santa Cruz de Minas","Chalés Recanto do Trevo",03
"Santa Cruz de Minas","Casa agradável em Tiradentes",03
"Santa Cruz de Minas","Chalés do Apolinário",03
"Santa Cruz de Minas","Casa com piscina temporada Tiradentes do mazinho",03
"Santa Cruz de Minas","Hotel Fazenda Bela Vista",03
"Santa Cruz de Minas","Pousada Campestre Vila Tiradentes",03
"Santa Cruz de Minas","Pouso do Bichinho 1",03
"Santo Antônio do Leite","Capricho Asturiano",03
"Santo Antônio do Leite","Pouso do Bação - Itabirito MG - São Gonçalo do Bação",03
"Santo Antônio do Leite","Hotel Recanto da Serra",03
"Santo Antônio do Leite","Hospedaria Vila Rica",03
"Santo Antônio do Leite","Hotel H2 Congonhas",03
"Santo Antônio do Leite","Solar boa vista",03
"Santo Antônio do Leite","Trilhas de Minas Hostel Camping",03
"Santo Antônio do Leite","Chalé Céu e Terra",03
"Santo Antônio do Leite","Pousada Fonte Viva",03
"Santo Antônio do Leite","Aconchego Mineiro",03
"São Bartolomeu","Hotel Manapany",03
"São Bartolomeu","Le Sereno",03
"São Bartolomeu","Tropical Hotel St Barth",03
"São Bartolomeu","Le Barthélemy Hotel & Spa",03
"São Bartolomeu","VILLA ELLE",03
"São Bartolomeu","4 bedrooms villa with sea view private pool and terrace at Anse des Cayes",03
"São João del Rei","Hotel Trilhos de Minas",03
"São João del Rei","Hotel Ponte Real",03
"São João del Rei","Pousada Morada Do Sol mg",03
"São João del Rei","Hotel Colonial",03
"São João del Rei","Pousada Kart Clube",03
"São João del Rei","PLANETA SEX MOTEL",03
"São João del Rei","Pousada Clube Santa Cruz",03
"São João del Rei","Hotel Fazenda Pontal de Tiradentes",03
"São João del Rei","Chalés Recanto do Trevo",03
"São João del Rei","Casa com bangalôs agradável e tranquilo",03
"São João del Rei","Flat dos Bandeirantes",03
"São João del Rei","Segredo da Serra Guest House",03
"São João del Rei","Casa Alisson",03
"São João del Rei","Hospedaria da lucia",03
"São João del Rei","Casa agradável em Tiradentes",03
"São João del Rei","Pousada Bárbara Heliodora",03
"São João del Rei","Chalés do Apolinário",03
"São João del Rei","Pousada Vó Iris",03
"São João del Rei","Pouso do Bizuca",03
"São João del Rei","Chalé das Flores",03
"São João del Rei","Du Malta",03
"São João del Rei","Casa com piscina temporada Tiradentes do mazinho",03
"São João del Rei","Pousada Campestre Vila Tiradentes",03
"São João del Rei","Hotel Fazenda Bela Vista",03
"São João del Rei","CASA NA ROÇA, TRILHA E EXPERIÊNCIA NO SÍTIO DUTRA",03
"São José do Barreiro","Chalé Acima das nuvens - Serra da bocaina",03
"São José do Barreiro","Chalé Bela Vista",03
"São José do Barreiro","Lar da Tamara",03
"São José do Barreiro","Pousada Campo Alegre",03
"São José do Barreiro","Pousada Encantus",03
"São José do Barreiro","Encantu's Flats",03
"São José do Barreiro","Casa de Férias para sua Família e seu Pet!",03
"São José do Barreiro","GRAAL INN ITATIAIA",03
"São José do Barreiro","POUSADA CAMISA 10",03
"São José do Barreiro","Hotel Chalés Terra Nova",03
"São José do Barreiro","Aconchego Próx. a Penedo.",03
"São José do Barreiro","Graal Inn Hotéis",03
"São José do Barreiro","Pousada Tapera",03
"São José do Barreiro","Hotel Casa Encantada",03
"São José do Barreiro","Casa Dos Artistas",03
"São José do Barreiro","Pousada Chiclé Penedo",03
"São José do Barreiro","Chalé aconchegante para família no Centro",03
"São José do Barreiro","Casa de Tijolinho Penedo-RJ",03
"São José do Barreiro","Casa ampla em penedo",03
"São José do Barreiro","Casa feliz",03
"São José do Barreiro","Pousada Sitio Barreirinha",03
"São José do Barreiro","Espigão Palace Hotel",03
"São José do Barreiro","Fazenda Casa Nova",03
"São José do Barreiro","Chalé Condominio Linda Vista",03
"São Lourenço","Hotel Negreiros",03
"São Lourenço","Hotel Colonial",03
"São Lourenço","Pousada do Ipê",03
"São Lourenço","Pousada Casarão De Minas",03
"São Lourenço","Pousada do Solar",03
"São Lourenço","Pousada da Mariinha",03
"São Lourenço","APARTAMENTO ENCANTADOR NO CENTRO DE SÃO LOURENÇO-MG",03
"São Lourenço","Hostel Montanha Sagrada",03
"São Lourenço","Studio em linda Área Preservada",03
"São Lourenço","casa de temporada",03
"São Lourenço","Casa inteira agradável com estacionamento incluído",03
"São Lourenço","Recanto Trilha da Pesca",03
"São Lourenço","Aconchego Mineiro",03
"São Lourenço","Apartamento no coração da cidade, a 5 minutos do Parque",03
"São Lourenço","CASA dos ARCOS",03
"São Lourenço","Sitio Pensilvânia",03
"São Lourenço","Pousada São Sebastião",03
"São Lourenço","Hotel Bragança",03
"São Lourenço","Studio em Caxambu",03
"São Lourenço","Loft no Circuito das Águas Minerais",03
"São Lourenço","Pousada Bonani",03
"São Lourenço","Quinta da Ana",03
"São Lourenço","Casa de campo Recanto Pedra Azul",03
"São Luiz do Paraitinga","Pousada Fazenda São Luiz",03
"São Luiz do Paraitinga","Fazenda das Palmeiras",03
"São Sebastião do Rio Verde","Pousada São Sebastião",03
"São Sebastião do Rio Verde","Sitio Pensilvânia",03
"São Sebastião do Rio Verde","Pousada Bonani",03
"São Sebastião do Rio Verde","Pousada Vila Minas",03
"São Sebastião do Rio Verde","Pousada Sonho Meu",03
"São Sebastião do Rio Verde","casa de temporada",03
"São Sebastião do Rio Verde","Aconchego Mineiro",03
"São Sebastião do Rio Verde","Hotel Negreiros",03
"São Sebastião do Rio Verde","Hotel Colonial",03
"São Sebastião do Rio Verde","APARTAMENTO ENCANTADOR NO CENTRO DE SÃO LOURENÇO-MG",03
"São Sebastião do Rio Verde","Casa inteira agradável com estacionamento incluído",03
"São Sebastião do Rio Verde","Apartamento no coração da cidade, a 5 minutos do Parque",03
"São Sebastião do Rio Verde","CASA dos ARCOS",03
"São Sebastião do Rio Verde","Guest House Mantiqueira - Itamonte - MG",03
"São Sebastião do Rio Verde","Pousada do Ipê",03
"São Sebastião do Rio Verde","Pousada Casarão De Minas",03
"São Sebastião do Rio Verde","Pousada do Solar",03
"São Sebastião do Rio Verde","Pousada da Mariinha",03
"São Sebastião do Rio Verde","Studio em linda Área Preservada",03
"São Sebastião do Rio Verde","Hostel Montanha Sagrada",03
"São Sebastião do Rio Verde","Pousada Água Limpa",03
"São Sebastião do Rio Verde","Recanto Trilha da Pesca",03
"São Sebastião do Rio Verde","Pousada Recanto da Mantiqueira",03
"São Sebastião do Rio Verde","Recanto da Val",03
"São Sebastião do Rio Verde","Hotel Serra Azul",03
Taubaté,"San Michel Palace Hotel",03
Taubaté,"ibis Taubate",03
Taubaté,"Antico Plaza Hotel",03
Taubaté,"ibis Styles Taubate",03
Taubaté,"Flat Schnneider para empresas e representantes e estudantes e viagens curtas",03
Taubaté,"Olavo Bilac Hotel",03
Taubaté,"Samambaia Executive Hotel",03
Taubaté,Poupahotel,03
Taubaté,"Plaza Suite Hotel",03
Taubaté,"Pousada Casa Mato",03
Taubaté,"Espaço Viagi Hostel",03
Taubaté,"Hotel Ideal Taubaté",03
Taubaté,"Taubatexas hostel",03
Taubaté,"Chácara com piscina e churrasqueira",03
Taubaté,"Fazenda das Palmeiras",03
Taubaté,"Summit Suítes Hotel Pindamonhangaba",03
Taubaté,"Intercity Patio Pindamonhangaba",03
Taubaté,"Sitio Primavera",03
Taubaté,"Domum Hotel",03
Taubaté,"Hotel Pousada Liberdade",03
Taubaté,"Vale Hostel",03
Taubaté,"Apto Centro Caçapava",03
Taubaté,"CASA SANTA'ANNA",03
Taubaté,"Plaza Dutra Hotel",03
Taubaté,"Arcadas Hotel",03
Tiradentes,"Flat dos Bandeirantes",03
Tiradentes,"Pousada Bárbara Heliodora",03
Tiradentes,"Chalés do Apolinário",03
Tiradentes,"Pousada Vó Iris",03
Tiradentes,"Pouso do Bizuca",03
Tiradentes,"Hotel Fazenda Pontal de Tiradentes",03
Tiradentes,"Segredo da Serra Guest House",03
Tiradentes,"Pousada Campestre Vila Tiradentes",03
Tiradentes,"Chalé das Flores",03
Tiradentes,"Casa Alisson",03
Tiradentes,"Du Malta",03
Tiradentes,"Hospedaria da lucia",03
Tiradentes,"Chalés Recanto do Trevo",03
Tiradentes,"Casa com piscina temporada Tiradentes do mazinho",03
Tiradentes,"Casa com bangalôs agradável e tranquilo",03
Tiradentes,"Casa agradável em Tiradentes",03
Tiradentes,"Pousada Clube Santa Cruz",03
Tiradentes,"Hotel Trilhos de Minas",03
Tiradentes,"Pousada Cipo Artes",03
Tiradentes,"Pousada Quatro Estações",03
Tiradentes,"Pousada Morada Do Sol mg",03
Tiradentes,"Casa Verde-Casa de Temporada no Bichinho",03
Tiradentes,"Pouso do Bichinho 1",03
Tiradentes,"Pousada Cantagalo Bichinho MG",03
Tiradentes,"Casa de Adobe Casa de Temporada no Bichinho-MG",03
Tremembé,"Sitio Primavera",03
Tremembé,"Espaço Viagi Hostel",03
Tremembé,"Antico Plaza Hotel",03
Tremembé,"Olavo Bilac Hotel",03
Tremembé,Poupahotel,03
Tremembé,"Summit Suítes Hotel Pindamonhangaba",03
Tremembé,"Intercity Patio Pindamonhangaba",03
Tremembé,"Flat Schnneider para empresas e representantes e estudantes e viagens curtas",03
Tremembé,"Samambaia Executive Hotel",03
Tremembé,"Plaza Suite Hotel",03
Tremembé,"Hotel Ideal Taubaté",03
Tremembé,"San Michel Palace Hotel",03
Tremembé,"ibis Taubate",03
Tremembé,"Taubatexas hostel",03
Tremembé,"Domum Hotel",03
Tremembé,"Hotel Pousada Liberdade",03
Tremembé,"Hotel Fazenda Pé da Serra",03
Tremembé,"Vale Hostel",03
Tremembé,"CASA SANTA'ANNA",03
Tremembé,"ibis Styles Taubate",03
Tremembé,"Recanto do Ribeirão",03
Tremembé,"Chácara com piscina e churrasqueira",03
Tremembé,"Pinda Palace Hotel",03
Tremembé,"Pousada Serra da Mantiqueira",03
Tremembé,"Pousada Casa Mato",03
"Três Corações","Italian Palace Hotel Rede Carlton",03
"Três Corações","Medieval Hotel",03
"Três Corações","Pousada Bougainville",03
"Três Corações","Pousada Fernandes",03
"Três Corações","Pousada Vale das Primaveras",03
"Três Corações","Pousada Divina Minas",03
"Três Corações","Pousada Solar da Serra",03
"Três Corações","Fênix Hotel Varginha",03
"Três Corações","Class Hotel Varginha",03
"Três Corações","Pousada e Chales Por do Sol",03
"Três Corações","Hotel Carajás",03
"Três Corações","HOTEL VARGINHA",03
"Três Corações","Suítes para aluguel diaria e temporada",03
Brumadinho,"Casa Grande Hostel",04
Brumadinho,"Ecovila Coração da Mata",04
Brumadinho,"Casa aconchegante nas montanhas de Casa Branca",04
Brumadinho,"Recanto do Guerreiro",04
Brumadinho,"Casinha amarela em Betim",04
Brumadinho,"Hotel Primavera",04
Brumadinho,"Go Inn Betim - MG",04
Brumadinho,"Chalé Rústico",04
Brumadinho,"Casa de Veraneio Villa Lopes",04
Brumadinho,"ibis Betim",04
Caeté,"Hotel Real de Caeté",04
Caeté,"Pousada e Restaurante Victórios",04
Caeté,"Hotel pousada & Eventos Cassino",04
Caeté,"Pousada Villa Real",04
Caeté,"Impar Suites Barao de Cocais",04
Caeté,"ESTÂNCIA JARDIM SECRETO",04
"Nova Lima","eSuites Lagoa dos Ingleses",04
"Nova Lima","Tryp by Wyndham Belo Horizonte Savassi",04
"Nova Lima","Chale Mineiro Hostel & Pousada",04
"Nova Lima","Flat Califórnia",04
"Nova Lima","ibis Belo Horizonte Savassi",04
"Nova Lima","ibis budget Belo Horizonte Afonso Pena",04
"Nova Lima","Mercure Belo Horizonte Vila da Serra",04
"Nova Lima","ibis Belo Horizonte Afonso Pena",04
"Nova Lima","Novotel BH Savassi",04
"Nova Lima","Holiday Inn Belo Horizonte Savassi, an IHG Hotel",04
"Nova Lima","eSuites Savassi Toscanini",04
"Nova Lima","Max Savassi Apart Service",04
"Nova Lima","Royal Design Savassi Hotel",04
"Nova Lima","Royal Golden Hotel - Savassi",04
"Nova Lima","Royal Boutique Savassi Hotel",04
"Nova Lima","Boulevard Plaza",04
"Nova Lima","Boulevard Park",04
"Nova Lima","Flat no Ianelli",04
"Nova Lima","Boulevard Express",04
"Nova Lima","Flat Promenade Pancetti",04
"Nova Lima","Condomínio Max Savassi Superior apto 1303",04
"Nova Lima","Exclusividade e conforto na savassi",04
"Nova Lima","Condomínio residencial ianelli - Superior",04
"Nova Lima","Condomínio Max Savassi Superior apto 1502",04
"Nova Lima","Condomínio Ianelli superior apto 1105",04
"Rio Acima","Casa de campo com muito verde e paz/2 quartos/Wi-Fi/churrasqueira/ deck/ trilha/ minha cachoeira",04
"Rio Acima","eSuites Lagoa dos Ingleses",04
"Rio Acima","Mercure Belo Horizonte Vila da Serra",04
"Rio Acima","Flat Califórnia",04
"Rio Acima","Pousada Villa Real",04
"Rio Acima","ibis budget BH Savassi",04
"Rio Acima","ibis Belo Horizonte Savassi",04
"Rio Acima","ibis budget Belo Horizonte Afonso Pena",04
"Rio Acima","Tryp by Wyndham Belo Horizonte Savassi",04
"Rio Acima","ibis Belo Horizonte Afonso Pena",04
"Rio Acima","Novotel BH Savassi",04
"Rio Acima","Holiday Inn Belo Horizonte Savassi, an IHG Hotel",04
"Rio Acima","eSuites Savassi Toscanini",04
"Rio Acima","Max Savassi Apart Service",04
"Rio Acima","Royal Golden Hotel - Savassi",04
"Rio Acima","Royal Boutique Savassi Hotel",04
"Rio Acima","Chale Mineiro Hostel & Pousada",04
"Rio Acima","Boulevard Plaza",04
"Rio Acima","Pousada Vila Paris",04
"Rio Acima","Flat no Ianelli",04
"Rio Acima","Boulevard Express",04
"Rio Acima","Flat Promenade Pancetti",04
"Rio Acima","Condomínio Max Savassi Superior apto 1303",04
"Rio Acima","Exclusividade e conforto na savassi",04
"Rio Acima","Condomínio residencial ianelli - Superior",04
Sabará,"Pousada Villa Real",04
Sabará,"Aconchego dos schreiber",04
Sabará,"Chale Mineiro Hostel & Pousada",04
Sabará,"Ramada Encore by Wyndham Belo Horizonte Minascasa",04
Sabará,"Ouro Minas Hotel Belo Horizonte, Dolce by Wyndham",04
Sabará,"Ímpar Suítes Cidade Nova",04
Sabará,"Vila Santê",04
Sabará,"Hotel Real de Caeté",04
Sabará,"ibis budget Belo Horizonte Afonso Pena",04
Sabará,"Tryp by Wyndham Belo Horizonte Savassi",04
Sabará,"Stop Inn Cristiano Machado",04
Sabará,"Nacional Inn Belo Horizonte",04
Sabará,"ibis Belo Horizonte Savassi",04
Sabará,"ibis Belo Horizonte Liberdade",04
Sabará,"ibis Belo Horizonte Afonso Pena",04
Sabará,"Holiday Inn Belo Horizonte Savassi, an IHG Hotel",04
Sabará,"Rio Jordao Hotel BH",04
Sabará,"Stop Inn Antonio Carlos",04
Sabará,"Hotel São Bento",04
Sabará,"Max Savassi Apart Service",04
Sabará,"Royal Design Savassi Hotel",04
Sabará,"Royal Golden Hotel - Savassi",04
Sabará,"Royal Boutique Savassi Hotel",04
Sabará,"Brasil Palace Hotel",04
Sabará,"Boulevard Plaza",04
